{"cameraMode":{"drawMode":0,"name":"Shaded","section":"Shading Mode"},"sceneLighting":true,"audioPlay":false,"sceneViewState":{"m_AlwaysRefresh":false,"showFog":true,"showSkybox":true,"showFlares":true,"showImageEffects":true,"showParticleSystems":true,"showVisualEffectGraphs":true,"m_FxEnabled":true},"in2DMode":false,"pivot":{"x":-5.019999980926514,"y":-10.344717979431153,"z":18.993391036987306},"rotation":{"x":-0.11174022406339646,"y":0.08391812443733216,"z":0.00648599723353982,"w":-0.9907606244087219},"size":4.653524398803711,"orthographic":false}