{"cameraMode":{"drawMode":0,"name":"Shaded","section":"Shading Mode"},"sceneLighting":true,"audioPlay":false,"sceneViewState":{"m_AlwaysRefresh":false,"showFog":true,"showSkybox":true,"showFlares":true,"showImageEffects":true,"showParticleSystems":true,"showVisualEffectGraphs":true,"m_FxEnabled":true},"in2DMode":false,"pivot":{"x":-0.8964173793792725,"y":-6.40959358215332,"z":16.266796112060548},"rotation":{"x":0.1468307077884674,"y":-0.007067960221320391,"z":0.0010891433339565993,"w":0.989495575428009},"size":9.611995697021485,"orthographic":false}