{"cameraMode":{"drawMode":0,"name":"Shaded","section":"Shading Mode"},"sceneLighting":true,"audioPlay":false,"sceneViewState":{"m_AlwaysRefresh":false,"showFog":true,"showSkybox":true,"showFlares":true,"showImageEffects":true,"showParticleSystems":true,"showVisualEffectGraphs":true,"m_FxEnabled":true},"in2DMode":false,"pivot":{"x":-2.133904457092285,"y":-4.086431503295898,"z":-16.577787399291993},"rotation":{"x":-0.14333853125572205,"y":0.04894596338272095,"z":-0.007165506947785616,"w":-0.9885241389274597},"size":10.092434883117676,"orthographic":false}