{"cameraMode":{"drawMode":0,"name":"Shaded","section":"Shading Mode"},"sceneLighting":true,"audioPlay":false,"sceneViewState":{"m_AlwaysRefresh":false,"showFog":true,"showSkybox":true,"showFlares":true,"showImageEffects":true,"showParticleSystems":true,"showVisualEffectGraphs":true,"m_FxEnabled":true},"in2DMode":false,"pivot":{"x":-3.7391536235809328,"y":-61.96963119506836,"z":115.01067352294922},"rotation":{"x":-0.21876996755599976,"y":0.0007127546123228967,"z":0.016094135120511056,"w":-0.9762293100357056},"size":71.66712951660156,"orthographic":false}