{"cameraMode":{"drawMode":0,"name":"Shaded","section":"Shading Mode"},"sceneLighting":true,"audioPlay":false,"sceneViewState":{"m_AlwaysRefresh":false,"showFog":true,"showSkybox":true,"showFlares":true,"showImageEffects":true,"showParticleSystems":true,"showVisualEffectGraphs":true,"m_FxEnabled":true},"in2DMode":false,"pivot":{"x":-0.7849783897399902,"y":-5.474005222320557,"z":51.39985656738281},"rotation":{"x":-0.002149531152099371,"y":0.9806607365608215,"z":-0.19708876311779023,"w":-0.01639958843588829},"size":7.783529758453369,"orthographic":false}