{"cameraMode":{"drawMode":0,"name":"Shaded","section":"Shading Mode"},"sceneLighting":true,"audioPlay":false,"sceneViewState":{"m_AlwaysRefresh":false,"showFog":true,"showSkybox":true,"showFlares":true,"showImageEffects":true,"showParticleSystems":true,"showVisualEffectGraphs":true,"m_FxEnabled":true},"in2DMode":false,"pivot":{"x":-11.566884994506836,"y":-20.012096405029298,"z":69.54524230957031},"rotation":{"x":0.1717378944158554,"y":-0.05579017102718353,"z":0.009816573932766915,"w":0.9838789701461792},"size":32.92579650878906,"orthographic":false}