{"cameraMode":{"drawMode":0,"name":"Shaded","section":"Shading Mode"},"sceneLighting":true,"audioPlay":false,"sceneViewState":{"m_AlwaysRefresh":false,"showFog":true,"showSkybox":true,"showFlares":true,"showImageEffects":true,"showParticleSystems":true,"showVisualEffectGraphs":true,"m_FxEnabled":true},"in2DMode":false,"pivot":{"x":-2.8016769886016847,"y":-4.3041672706604,"z":3.4742770195007326},"rotation":{"x":-0.0024802773259580137,"y":0.07350876182317734,"z":0.013242910616099835,"w":-0.9977129101753235},"size":5.353281021118164,"orthographic":false}