{"cameraMode":{"drawMode":0,"name":"Shaded","section":"Shading Mode"},"sceneLighting":true,"audioPlay":false,"sceneViewState":{"m_AlwaysRefresh":false,"showFog":true,"showSkybox":true,"showFlares":true,"showImageEffects":true,"showParticleSystems":true,"showVisualEffectGraphs":true,"m_FxEnabled":true},"in2DMode":false,"pivot":{"x":-1.9562991857528687,"y":-6.169084548950195,"z":-0.22719703614711762},"rotation":{"x":0.5631021857261658,"y":-0.11440937221050263,"z":0.07903958112001419,"w":0.8146404027938843},"size":10.449999809265137,"orthographic":false}