{"cameraMode":{"drawMode":0,"name":"Shaded","section":"Shading Mode"},"sceneLighting":true,"audioPlay":false,"sceneViewState":{"m_AlwaysRefresh":false,"showFog":true,"showSkybox":true,"showFlares":true,"showImageEffects":true,"showParticleSystems":true,"showVisualEffectGraphs":true,"m_FxEnabled":true},"in2DMode":false,"pivot":{"x":6.460623264312744,"y":12.551925659179688,"z":-17.733240127563478},"rotation":{"x":0.20772704482078553,"y":-0.34751537442207339,"z":0.07832228392362595,"w":0.9112737774848938},"size":2.609771251678467,"orthographic":false}