{"cameraMode":{"drawMode":0,"name":"Shaded","section":"Shading Mode"},"sceneLighting":false,"audioPlay":false,"sceneViewState":{"m_AlwaysRefresh":false,"showFog":true,"showSkybox":false,"showFlares":true,"showImageEffects":true,"showParticleSystems":true,"showVisualEffectGraphs":true,"m_FxEnabled":true},"in2DMode":false,"pivot":{"x":-1.9249999523162842,"y":-8.604719161987305,"z":12.828392028808594},"rotation":{"x":-0.18639229238033296,"y":-0.01889173313975334,"z":0.005015009082853794,"w":-0.9825547933578491},"size":15.706792831420899,"orthographic":false}