{"cameraMode":{"drawMode":0,"name":"Shaded","section":"Shading Mode"},"sceneLighting":false,"audioPlay":false,"sceneViewState":{"m_AlwaysRefresh":false,"showFog":true,"showSkybox":false,"showFlares":true,"showImageEffects":true,"showParticleSystems":true,"showVisualEffectGraphs":true,"m_FxEnabled":true},"in2DMode":false,"pivot":{"x":-1.5542676448822022,"y":-8.643752098083496,"z":8.119232177734375},"rotation":{"x":-0.13494963943958283,"y":0.028547581285238267,"z":0.009389239363372326,"w":-0.9909040331840515},"size":14.537931442260743,"orthographic":false}