{"cameraMode":{"drawMode":0,"name":"Shaded","section":"Shading Mode"},"sceneLighting":false,"audioPlay":false,"sceneViewState":{"m_AlwaysRefresh":false,"showFog":true,"showSkybox":false,"showFlares":true,"showImageEffects":true,"showParticleSystems":true,"showVisualEffectGraphs":true,"m_FxEnabled":true},"in2DMode":false,"pivot":{"x":452.04620361328127,"y":1037.4520263671875,"z":-102.76034545898438},"rotation":{"x":-0.057328902184963229,"y":0.027740946039557458,"z":0.011647151783108712,"w":-0.9984074831008911},"size":783.364990234375,"orthographic":false}